date,city_code,plans,plan_revenue_crores
2022-01-01,400001,p1,6.26
2022-01-01,110001,p1,4.58
2022-01-01,700001,p1,4.29
2022-01-01,560001,p1,4.26
2022-01-01,600001,p1,3.6
2022-01-01,500001,p1,3.26
2022-01-01,411001,p1,2.27
2022-01-01,380001,p1,2.68
2022-01-01,302001,p1,2.46
2022-01-01,226001,p1,1.64
2022-01-01,800008,p1,1.8
2022-01-01,641001,p1,0.81
2022-01-01,160017,p1,0.73
2022-01-01,122001,p1,0.48
2022-01-01,492001,p1,0.49
2022-02-01,400001,p1,7.86
2022-02-01,110001,p1,5.43
2022-02-01,700001,p1,5.36
2022-02-01,560001,p1,5.47
2022-02-01,600001,p1,7.02
2022-02-01,500001,p1,4.16
2022-02-01,411001,p1,3.44
2022-02-01,380001,p1,2.22
2022-02-01,302001,p1,1.51
2022-02-01,226001,p1,3.17
2022-02-01,800008,p1,1.4
2022-02-01,641001,p1,1.33
2022-02-01,160017,p1,0.54
2022-02-01,122001,p1,0.9
2022-02-01,492001,p1,0.47
2022-03-01,400001,p1,5.66
2022-03-01,110001,p1,5.84
2022-03-01,700001,p1,7.54
2022-03-01,560001,p1,4.97
2022-03-01,600001,p1,3.33
2022-03-01,500001,p1,3.37
2022-03-01,411001,p1,4.18
2022-03-01,380001,p1,2.99
2022-03-01,302001,p1,1.88
2022-03-01,226001,p1,1.8
2022-03-01,800008,p1,1.06
2022-03-01,641001,p1,1.96
2022-03-01,160017,p1,0.94
2022-03-01,122001,p1,0.66
2022-03-01,492001,p1,0.38
2022-04-01,400001,p1,5.6
2022-04-01,110001,p1,4.66
2022-04-01,700001,p1,4.51
2022-04-01,560001,p1,5.13
2022-04-01,600001,p1,4.53
2022-04-01,500001,p1,3.01
2022-04-01,411001,p1,5.52
2022-04-01,380001,p1,3.45
2022-04-01,302001,p1,1.83
2022-04-01,226001,p1,1.7
2022-04-01,800008,p1,1.48
2022-04-01,641001,p1,1.08
2022-04-01,160017,p1,1.22
2022-04-01,122001,p1,0.64
2022-04-01,492001,p1,0.46
2022-06-01,400001,p1,9.83
2022-06-01,110001,p1,6.18
2022-06-01,700001,p1,5.64
2022-06-01,560001,p1,5.94
2022-06-01,600001,p1,4.63
2022-06-01,500001,p1,4.07
2022-06-01,411001,p1,3.51
2022-06-01,380001,p1,3.07
2022-06-01,302001,p1,2.93
2022-06-01,226001,p1,1.78
2022-06-01,800008,p1,2.61
2022-06-01,641001,p1,1.05
2022-06-01,160017,p1,0.94
2022-06-01,122001,p1,0.73
2022-06-01,492001,p1,0.67
2022-07-01,400001,p1,8.71
2022-07-01,110001,p1,8.32
2022-07-01,700001,p1,5.59
2022-07-01,560001,p1,6.83
2022-07-01,600001,p1,9.07
2022-07-01,500001,p1,5.83
2022-07-01,411001,p1,3.66
2022-07-01,380001,p1,2.86
2022-07-01,302001,p1,2.26
2022-07-01,226001,p1,3.37
2022-07-01,800008,p1,1.52
2022-07-01,641001,p1,1.68
2022-07-01,160017,p1,0.92
2022-07-01,122001,p1,1.47
2022-07-01,492001,p1,0.7
2022-08-01,400001,p1,7.68
2022-08-01,110001,p1,7.48
2022-08-01,700001,p1,11.46
2022-08-01,560001,p1,5.99
2022-08-01,600001,p1,4.35
2022-08-01,500001,p1,4.09
2022-08-01,411001,p1,4.74
2022-08-01,380001,p1,4.54
2022-08-01,302001,p1,2.65
2022-08-01,226001,p1,2.3
2022-08-01,800008,p1,1.71
2022-08-01,641001,p1,2.44
2022-08-01,160017,p1,1.18
2022-08-01,122001,p1,0.87
2022-08-01,492001,p1,0.54
2022-09-01,400001,p1,9.5
2022-09-01,110001,p1,7.5
2022-09-01,700001,p1,6.92
2022-09-01,560001,p1,5.62
2022-09-01,600001,p1,4.64
2022-09-01,500001,p1,4.02
2022-09-01,411001,p1,7.42
2022-09-01,380001,p1,3.73
2022-09-01,302001,p1,2.31
2022-09-01,226001,p1,2.23
2022-09-01,800008,p1,2.04
2022-09-01,641001,p1,1.35
2022-09-01,160017,p1,1.43
2022-09-01,122001,p1,1.02
2022-09-01,492001,p1,0.54
2022-01-01,400001,p2,4.87
2022-01-01,110001,p2,4.01
2022-01-01,700001,p2,4.01
2022-01-01,560001,p2,3.76
2022-01-01,600001,p2,2.82
2022-01-01,500001,p2,2.42
2022-01-01,411001,p2,2.05
2022-01-01,380001,p2,1.92
2022-01-01,302001,p2,1.98
2022-01-01,226001,p2,1.22
2022-01-01,800008,p2,1.53
2022-01-01,641001,p2,0.58
2022-01-01,160017,p2,0.61
2022-01-01,122001,p2,0.42
2022-01-01,492001,p2,0.35
2022-02-01,400001,p2,5.64
2022-02-01,110001,p2,4.77
2022-02-01,700001,p2,4.59
2022-02-01,560001,p2,4.77
2022-02-01,600001,p2,5.95
2022-02-01,500001,p2,3.12
2022-02-01,411001,p2,2.66
2022-02-01,380001,p2,1.62
2022-02-01,302001,p2,1.21
2022-02-01,226001,p2,2.8
2022-02-01,800008,p2,1.06
2022-02-01,641001,p2,1.03
2022-02-01,160017,p2,0.51
2022-02-01,122001,p2,0.79
2022-02-01,492001,p2,0.4
2022-03-01,400001,p2,4.93
2022-03-01,110001,p2,4.38
2022-03-01,700001,p2,6.21
2022-03-01,560001,p2,4.51
2022-03-01,600001,p2,2.5
2022-03-01,500001,p2,2.7
2022-03-01,411001,p2,3.19
2022-03-01,380001,p2,2.89
2022-03-01,302001,p2,1.52
2022-03-01,226001,p2,1.42
2022-03-01,800008,p2,0.91
2022-03-01,641001,p2,1.72
2022-03-01,160017,p2,0.85
2022-03-01,122001,p2,0.5
2022-03-01,492001,p2,0.33
2022-04-01,400001,p2,5.09
2022-04-01,110001,p2,3.83
2022-04-01,700001,p2,4.36
2022-04-01,560001,p2,4.22
2022-04-01,600001,p2,3.31
2022-04-01,500001,p2,2.22
2022-04-01,411001,p2,4.71
2022-04-01,380001,p2,2.56
2022-04-01,302001,p2,1.36
2022-04-01,226001,p2,1.25
2022-04-01,800008,p2,1.05
2022-04-01,641001,p2,0.92
2022-04-01,160017,p2,1.01
2022-04-01,122001,p2,0.52
2022-04-01,492001,p2,0.36
2022-06-01,400001,p2,6.47
2022-06-01,110001,p2,3.68
2022-06-01,700001,p2,3.09
2022-06-01,560001,p2,4.02
2022-06-01,600001,p2,2.91
2022-06-01,500001,p2,2.64
2022-06-01,411001,p2,2.16
2022-06-01,380001,p2,2.1
2022-06-01,302001,p2,2.12
2022-06-01,226001,p2,0.99
2022-06-01,800008,p2,1.57
2022-06-01,641001,p2,0.72
2022-06-01,160017,p2,0.64
2022-06-01,122001,p2,0.47
2022-06-01,492001,p2,0.41
2022-07-01,400001,p2,5.81
2022-07-01,110001,p2,4.79
2022-07-01,700001,p2,3.41
2022-07-01,560001,p2,4.39
2022-07-01,600001,p2,5.09
2022-07-01,500001,p2,3.12
2022-07-01,411001,p2,2.44
2022-07-01,380001,p2,2.06
2022-07-01,302001,p2,1.38
2022-07-01,226001,p2,2.28
2022-07-01,800008,p2,0.92
2022-07-01,641001,p2,1.12
2022-07-01,160017,p2,0.56
2022-07-01,122001,p2,0.96
2022-07-01,492001,p2,0.46
2022-08-01,400001,p2,5.26
2022-08-01,110001,p2,4.49
2022-08-01,700001,p2,6.82
2022-08-01,560001,p2,4.16
2022-08-01,600001,p2,3.26
2022-08-01,500001,p2,2.76
2022-08-01,411001,p2,2.6
2022-08-01,380001,p2,2.54
2022-08-01,302001,p2,1.52
2022-08-01,226001,p2,1.57
2022-08-01,800008,p2,0.98
2022-08-01,641001,p2,1.63
2022-08-01,160017,p2,0.66
2022-08-01,122001,p2,0.57
2022-08-01,492001,p2,0.37
2022-09-01,400001,p2,5.46
2022-09-01,110001,p2,5.47
2022-09-01,700001,p2,4.32
2022-09-01,560001,p2,3.85
2022-09-01,600001,p2,2.6
2022-09-01,500001,p2,2.34
2022-09-01,411001,p2,4.16
2022-09-01,380001,p2,2.08
2022-09-01,302001,p2,1.48
2022-09-01,226001,p2,1.31
2022-09-01,800008,p2,1.07
2022-09-01,641001,p2,0.78
2022-09-01,160017,p2,0.89
2022-09-01,122001,p2,0.54
2022-09-01,492001,p2,0.41
2022-01-01,400001,p3,4.17
2022-01-01,110001,p3,4.01
2022-01-01,700001,p3,3.88
2022-01-01,560001,p3,3.01
2022-01-01,600001,p3,2.53
2022-01-01,500001,p3,2.09
2022-01-01,411001,p3,2.05
2022-01-01,380001,p3,1.79
2022-01-01,302001,p3,1.64
2022-01-01,226001,p3,1.18
2022-01-01,800008,p3,1.53
2022-01-01,641001,p3,0.49
2022-01-01,160017,p3,0.53
2022-01-01,122001,p3,0.45
2022-01-01,492001,p3,0.29
2022-02-01,400001,p3,4.63
2022-02-01,110001,p3,3.62
2022-02-01,700001,p3,3.37
2022-02-01,560001,p3,3.88
2022-02-01,600001,p3,5.1
2022-02-01,500001,p3,3.01
2022-02-01,411001,p3,2.75
2022-02-01,380001,p3,1.62
2022-02-01,302001,p3,0.95
2022-02-01,226001,p3,2.33
2022-02-01,800008,p3,1.02
2022-02-01,641001,p3,1.11
2022-02-01,160017,p3,0.51
2022-02-01,122001,p3,0.66
2022-02-01,492001,p3,0.34
2022-03-01,400001,p3,4.56
2022-03-01,110001,p3,3.9
2022-03-01,700001,p3,5.99
2022-03-01,560001,p3,3.88
2022-03-01,600001,p3,2.59
2022-03-01,500001,p3,2.41
2022-03-01,411001,p3,2.64
2022-03-01,380001,p3,2.8
2022-03-01,302001,p3,1.46
2022-03-01,226001,p3,1.23
2022-03-01,800008,p3,0.78
2022-03-01,641001,p3,1.61
2022-03-01,160017,p3,0.65
2022-03-01,122001,p3,0.53
2022-03-01,492001,p3,0.29
2022-04-01,400001,p3,3.73
2022-04-01,110001,p3,3.15
2022-04-01,700001,p3,3.34
2022-04-01,560001,p3,3.62
2022-04-01,600001,p3,3.31
2022-04-01,500001,p3,2.06
2022-04-01,411001,p3,4.22
2022-04-01,380001,p3,2.48
2022-04-01,302001,p3,1.22
2022-04-01,226001,p3,1.3
2022-04-01,800008,p3,1.09
2022-04-01,641001,p3,0.76
2022-04-01,160017,p3,0.94
2022-04-01,122001,p3,0.45
2022-04-01,492001,p3,0.4
2022-06-01,400001,p3,5.95
2022-06-01,110001,p3,3.53
2022-06-01,700001,p3,2.95
2022-06-01,560001,p3,3.37
2022-06-01,600001,p3,3.04
2022-06-01,500001,p3,2.53
2022-06-01,411001,p3,1.71
2022-06-01,380001,p3,1.53
2022-06-01,302001,p3,1.71
2022-06-01,226001,p3,0.99
2022-06-01,800008,p3,1.24
2022-06-01,641001,p3,0.5
2022-06-01,160017,p3,0.5
2022-06-01,122001,p3,0.45
2022-06-01,492001,p3,0.41
2022-07-01,400001,p3,5.36
2022-07-01,110001,p3,4.79
2022-07-01,700001,p3,2.86
2022-07-01,560001,p3,3.91
2022-07-01,600001,p3,3.98
2022-07-01,500001,p3,3.12
2022-07-01,411001,p3,2.14
2022-07-01,380001,p3,1.59
2022-07-01,302001,p3,1.05
2022-07-01,226001,p3,1.64
2022-07-01,800008,p3,0.8
2022-07-01,641001,p3,1.07
2022-07-01,160017,p3,0.53
2022-07-01,122001,p3,0.85
2022-07-01,492001,p3,0.38
2022-08-01,400001,p3,4.25
2022-08-01,110001,p3,3.37
2022-08-01,700001,p3,6.55
2022-08-01,560001,p3,3.5
2022-08-01,600001,p3,2.42
2022-08-01,500001,p3,2.54
2022-08-01,411001,p3,2.15
2022-08-01,380001,p3,1.99
2022-08-01,302001,p3,1.52
2022-08-01,226001,p3,1.39
2022-08-01,800008,p3,0.94
2022-08-01,641001,p3,1.49
2022-08-01,160017,p3,0.49
2022-08-01,122001,p3,0.55
2022-08-01,492001,p3,0.33
2022-09-01,400001,p3,4.75
2022-09-01,110001,p3,4.66
2022-09-01,700001,p3,3.98
2022-09-01,560001,p3,2.96
2022-09-01,600001,p3,2.04
2022-09-01,500001,p3,1.87
2022-09-01,411001,p3,3.62
2022-09-01,380001,p3,2
2022-09-01,302001,p3,1.35
2022-09-01,226001,p3,1.09
2022-09-01,800008,p3,1.07
2022-09-01,641001,p3,0.64
2022-09-01,160017,p3,0.81
2022-09-01,122001,p3,0.45
2022-09-01,492001,p3,0.36
2022-01-01,400001,p4,3.48
2022-01-01,110001,p4,3.29
2022-01-01,700001,p4,3.32
2022-01-01,560001,p4,2.88
2022-01-01,600001,p4,2.04
2022-01-01,500001,p4,1.67
2022-01-01,411001,p4,1.54
2022-01-01,380001,p4,1.37
2022-01-01,302001,p4,1.3
2022-01-01,226001,p4,0.8
2022-01-01,800008,p4,1.11
2022-01-01,641001,p4,0.45
2022-01-01,160017,p4,0.39
2022-01-01,122001,p4,0.36
2022-01-01,492001,p4,0.29
2022-02-01,400001,p4,4.03
2022-02-01,110001,p4,2.96
2022-02-01,700001,p4,2.91
2022-02-01,560001,p4,3.18
2022-02-01,600001,p4,4.04
2022-02-01,500001,p4,2.2
2022-02-01,411001,p4,1.97
2022-02-01,380001,p4,1.08
2022-02-01,302001,p4,0.91
2022-02-01,226001,p4,1.96
2022-02-01,800008,p4,0.68
2022-02-01,641001,p4,0.85
2022-02-01,160017,p4,0.36
2022-02-01,122001,p4,0.61
2022-02-01,492001,p4,0.27
2022-03-01,400001,p4,3.47
2022-03-01,110001,p4,3.41
2022-03-01,700001,p4,4.21
2022-03-01,560001,p4,2.95
2022-03-01,600001,p4,1.76
2022-03-01,500001,p4,2.31
2022-03-01,411001,p4,2.09
2022-03-01,380001,p4,2.12
2022-03-01,302001,p4,0.94
2022-03-01,226001,p4,1.13
2022-03-01,800008,p4,0.66
2022-03-01,641001,p4,1.13
2022-03-01,160017,p4,0.68
2022-03-01,122001,p4,0.32
2022-03-01,492001,p4,0.23
2022-04-01,400001,p4,3.9
2022-04-01,110001,p4,3.15
2022-04-01,700001,p4,3.2
2022-04-01,560001,p4,3.62
2022-04-01,600001,p4,2.45
2022-04-01,500001,p4,1.74
2022-04-01,411001,p4,3.25
2022-04-01,380001,p4,1.86
2022-04-01,302001,p4,0.89
2022-04-01,226001,p4,0.89
2022-04-01,800008,p4,0.86
2022-04-01,641001,p4,0.7
2022-04-01,160017,p4,0.72
2022-04-01,122001,p4,0.34
2022-04-01,492001,p4,0.26
2022-06-01,400001,p4,3.36
2022-06-01,110001,p4,2.21
2022-06-01,700001,p4,2.15
2022-06-01,560001,p4,2.41
2022-06-01,600001,p4,1.72
2022-06-01,500001,p4,1.32
2022-06-01,411001,p4,1.44
2022-06-01,380001,p4,1.29
2022-06-01,302001,p4,1.14
2022-06-01,226001,p4,0.62
2022-06-01,800008,p4,1.05
2022-06-01,641001,p4,0.36
2022-06-01,160017,p4,0.32
2022-06-01,122001,p4,0.3
2022-06-01,492001,p4,0.26
2022-07-01,400001,p4,2.68
2022-07-01,110001,p4,3.33
2022-07-01,700001,p4,2.32
2022-07-01,560001,p4,2.6
2022-07-01,600001,p4,3.1
2022-07-01,500001,p4,2.03
2022-07-01,411001,p4,1.53
2022-07-01,380001,p4,1.27
2022-07-01,302001,p4,0.94
2022-07-01,226001,p4,1.46
2022-07-01,800008,p4,0.6
2022-07-01,641001,p4,0.7
2022-07-01,160017,p4,0.34
2022-07-01,122001,p4,0.55
2022-07-01,492001,p4,0.22
2022-08-01,400001,p4,3.44
2022-08-01,110001,p4,2.81
2022-08-01,700001,p4,3.28
2022-08-01,560001,p4,2.83
2022-08-01,600001,p4,1.45
2022-08-01,500001,p4,1.66
2022-08-01,411001,p4,1.47
2022-08-01,380001,p4,1.77
2022-08-01,302001,p4,0.86
2022-08-01,226001,p4,0.85
2022-08-01,800008,p4,0.73
2022-08-01,641001,p4,0.81
2022-08-01,160017,p4,0.44
2022-08-01,122001,p4,0.28
2022-08-01,492001,p4,0.21
2022-09-01,400001,p4,3.09
2022-09-01,110001,p4,2.84
2022-09-01,700001,p4,2.25
2022-09-01,560001,p4,2.37
2022-09-01,600001,p4,1.7
2022-09-01,500001,p4,1.31
2022-09-01,411001,p4,2.35
2022-09-01,380001,p4,1.3
2022-09-01,302001,p4,0.9
2022-09-01,226001,p4,0.74
2022-09-01,800008,p4,0.68
2022-09-01,641001,p4,0.57
2022-09-01,160017,p4,0.5
2022-09-01,122001,p4,0.33
2022-09-01,492001,p4,0.24
2022-01-01,400001,p5,3.13
2022-01-01,110001,p5,2.86
2022-01-01,700001,p5,2.77
2022-01-01,560001,p5,2.13
2022-01-01,600001,p5,1.85
2022-01-01,500001,p5,1.59
2022-01-01,411001,p5,1.32
2022-01-01,380001,p5,1.37
2022-01-01,302001,p5,1.3
2022-01-01,226001,p5,0.8
2022-01-01,800008,p5,1
2022-01-01,641001,p5,0.45
2022-01-01,160017,p5,0.41
2022-01-01,122001,p5,0.31
2022-01-01,492001,p5,0.26
2022-02-01,400001,p5,4.03
2022-02-01,110001,p5,2.8
2022-02-01,700001,p5,3.06
2022-02-01,560001,p5,3.35
2022-02-01,600001,p5,4.47
2022-02-01,500001,p5,2.31
2022-02-01,411001,p5,1.97
2022-02-01,380001,p5,1.26
2022-02-01,302001,p5,0.86
2022-02-01,226001,p5,1.86
2022-02-01,800008,p5,0.76
2022-02-01,641001,p5,0.66
2022-02-01,160017,p5,0.34
2022-02-01,122001,p5,0.5
2022-02-01,492001,p5,0.3
2022-03-01,400001,p5,3.29
2022-03-01,110001,p5,3.25
2022-03-01,700001,p5,4.21
2022-03-01,560001,p5,2.8
2022-03-01,600001,p5,1.67
2022-03-01,500001,p5,1.83
2022-03-01,411001,p5,2.2
2022-03-01,380001,p5,1.64
2022-03-01,302001,p5,1.05
2022-03-01,226001,p5,0.85
2022-03-01,800008,p5,0.62
2022-03-01,641001,p5,1.25
2022-03-01,160017,p5,0.57
2022-03-01,122001,p5,0.36
2022-03-01,492001,p5,0.24
2022-04-01,400001,p5,3.22
2022-04-01,110001,p5,2.6
2022-04-01,700001,p5,2.76
2022-04-01,560001,p5,3.02
2022-04-01,600001,p5,2.33
2022-04-01,500001,p5,1.35
2022-04-01,411001,p5,3.41
2022-04-01,380001,p5,1.59
2022-04-01,302001,p5,0.84
2022-04-01,226001,p5,0.85
2022-04-01,800008,p5,0.78
2022-04-01,641001,p5,0.57
2022-04-01,160017,p5,0.65
2022-04-01,122001,p5,0.34
2022-04-01,492001,p5,0.24
2022-06-01,400001,p5,2.85
2022-06-01,110001,p5,1.62
2022-06-01,700001,p5,1.34
2022-06-01,560001,p5,1.77
2022-06-01,600001,p5,1.32
2022-06-01,500001,p5,1.21
2022-06-01,411001,p5,0.81
2022-06-01,380001,p5,0.81
2022-06-01,302001,p5,0.73
2022-06-01,226001,p5,0.41
2022-06-01,800008,p5,0.59
2022-06-01,641001,p5,0.33
2022-06-01,160017,p5,0.22
2022-06-01,122001,p5,0.2
2022-06-01,492001,p5,0.19
2022-07-01,400001,p5,2.9
2022-07-01,110001,p5,2.08
2022-07-01,700001,p5,1.5
2022-07-01,560001,p5,1.46
2022-07-01,600001,p5,2.21
2022-07-01,500001,p5,1.63
2022-07-01,411001,p5,1.22
2022-07-01,380001,p5,0.71
2022-07-01,302001,p5,0.66
2022-07-01,226001,p5,1.09
2022-07-01,800008,p5,0.44
2022-07-01,641001,p5,0.42
2022-07-01,160017,p5,0.27
2022-07-01,122001,p5,0.4
2022-07-01,492001,p5,0.21
2022-08-01,400001,p5,2.63
2022-08-01,110001,p5,2.06
2022-08-01,700001,p5,2.73
2022-08-01,560001,p5,1.83
2022-08-01,600001,p5,1.33
2022-08-01,500001,p5,1.44
2022-08-01,411001,p5,1.02
2022-08-01,380001,p5,1.44
2022-08-01,302001,p5,0.73
2022-08-01,226001,p5,0.73
2022-08-01,800008,p5,0.51
2022-08-01,641001,p5,0.75
2022-08-01,160017,p5,0.27
2022-08-01,122001,p5,0.28
2022-08-01,492001,p5,0.13
2022-09-01,400001,p5,2.61
2022-09-01,110001,p5,2.03
2022-09-01,700001,p5,1.73
2022-09-01,560001,p5,1.33
2022-09-01,600001,p5,1.24
2022-09-01,500001,p5,0.94
2022-09-01,411001,p5,1.63
2022-09-01,380001,p5,0.87
2022-09-01,302001,p5,0.77
2022-09-01,226001,p5,0.57
2022-09-01,800008,p5,0.58
2022-09-01,641001,p5,0.43
2022-09-01,160017,p5,0.5
2022-09-01,122001,p5,0.26
2022-09-01,492001,p5,0.18
2022-01-01,400001,p6,2.26
2022-01-01,110001,p6,2
2022-01-01,700001,p6,1.94
2022-01-01,560001,p6,1.88
2022-01-01,600001,p6,1.56
2022-01-01,500001,p6,1.34
2022-01-01,411001,p6,0.95
2022-01-01,380001,p6,1.17
2022-01-01,302001,p6,1.03
2022-01-01,226001,p6,0.67
2022-01-01,800008,p6,0.9
2022-01-01,641001,p6,0.34
2022-01-01,160017,p6,0.26
2022-01-01,122001,p6,0.2
2022-01-01,492001,p6,0.19
2022-02-01,400001,p6,2.62
2022-02-01,110001,p6,2.14
2022-02-01,700001,p6,1.99
2022-02-01,560001,p6,2.65
2022-02-01,600001,p6,2.55
2022-02-01,500001,p6,1.5
2022-02-01,411001,p6,1.28
2022-02-01,380001,p6,0.9
2022-02-01,302001,p6,0.69
2022-02-01,226001,p6,1.49
2022-02-01,800008,p6,0.53
2022-02-01,641001,p6,0.52
2022-02-01,160017,p6,0.27
2022-02-01,122001,p6,0.34
2022-02-01,492001,p6,0.22
2022-03-01,400001,p6,2.74
2022-03-01,110001,p6,1.95
2022-03-01,700001,p6,3.55
2022-03-01,560001,p6,2.02
2022-03-01,600001,p6,1.39
2022-03-01,500001,p6,1.64
2022-03-01,411001,p6,1.43
2022-03-01,380001,p6,1.64
2022-03-01,302001,p6,0.68
2022-03-01,226001,p6,0.8
2022-03-01,800008,p6,0.37
2022-03-01,641001,p6,0.77
2022-03-01,160017,p6,0.43
2022-03-01,122001,p6,0.25
2022-03-01,492001,p6,0.19
2022-04-01,400001,p6,2.72
2022-04-01,110001,p6,1.64
2022-04-01,700001,p6,2.33
2022-04-01,560001,p6,2.56
2022-04-01,600001,p6,1.84
2022-04-01,500001,p6,1.03
2022-04-01,411001,p6,1.95
2022-04-01,380001,p6,1.33
2022-04-01,302001,p6,0.7
2022-04-01,226001,p6,0.72
2022-04-01,800008,p6,0.51
2022-04-01,641001,p6,0.41
2022-04-01,160017,p6,0.5
2022-04-01,122001,p6,0.22
2022-04-01,492001,p6,0.22
2022-06-01,400001,p6,1.81
2022-06-01,110001,p6,1.18
2022-06-01,700001,p6,1.07
2022-06-01,560001,p6,1.29
2022-06-01,600001,p6,1.06
2022-06-01,500001,p6,0.99
2022-06-01,411001,p6,0.63
2022-06-01,380001,p6,0.73
2022-06-01,302001,p6,0.65
2022-06-01,226001,p6,0.29
2022-06-01,800008,p6,0.52
2022-06-01,641001,p6,0.19
2022-06-01,160017,p6,0.2
2022-06-01,122001,p6,0.16
2022-06-01,492001,p6,0.15
2022-07-01,400001,p6,2.23
2022-07-01,110001,p6,1.46
2022-07-01,700001,p6,1.23
2022-07-01,560001,p6,1.46
2022-07-01,600001,p6,1.99
2022-07-01,500001,p6,1.22
2022-07-01,411001,p6,0.81
2022-07-01,380001,p6,0.56
2022-07-01,302001,p6,0.44
2022-07-01,226001,p6,0.73
2022-07-01,800008,p6,0.4
2022-07-01,641001,p6,0.33
2022-07-01,160017,p6,0.19
2022-07-01,122001,p6,0.26
2022-07-01,492001,p6,0.17
2022-08-01,400001,p6,1.42
2022-08-01,110001,p6,1.31
2022-08-01,700001,p6,2.18
2022-08-01,560001,p6,1.17
2022-08-01,600001,p6,0.97
2022-08-01,500001,p6,0.99
2022-08-01,411001,p6,1.02
2022-08-01,380001,p6,0.77
2022-08-01,302001,p6,0.66
2022-08-01,226001,p6,0.55
2022-08-01,800008,p6,0.34
2022-08-01,641001,p6,0.61
2022-08-01,160017,p6,0.27
2022-08-01,122001,p6,0.16
2022-08-01,492001,p6,0.13
2022-09-01,400001,p6,1.9
2022-09-01,110001,p6,1.82
2022-09-01,700001,p6,1.56
2022-09-01,560001,p6,1.18
2022-09-01,600001,p6,0.79
2022-09-01,500001,p6,0.84
2022-09-01,411001,p6,1.27
2022-09-01,380001,p6,0.78
2022-09-01,302001,p6,0.45
2022-09-01,226001,p6,0.51
2022-09-01,800008,p6,0.39
2022-09-01,641001,p6,0.32
2022-09-01,160017,p6,0.35
2022-09-01,122001,p6,0.21
2022-09-01,492001,p6,0.14
2022-01-01,400001,p7,1.74
2022-01-01,110001,p7,1.86
2022-01-01,700001,p7,1.25
2022-01-01,560001,p7,1.5
2022-01-01,600001,p7,0.97
2022-01-01,500001,p7,0.92
2022-01-01,411001,p7,0.81
2022-01-01,380001,p7,0.69
2022-01-01,302001,p7,0.68
2022-01-01,226001,p7,0.51
2022-01-01,800008,p7,0.48
2022-01-01,641001,p7,0.28
2022-01-01,160017,p7,0.24
2022-01-01,122001,p7,0.19
2022-01-01,492001,p7,0.13
2022-02-01,400001,p7,1.81
2022-02-01,110001,p7,2.14
2022-02-01,700001,p7,1.68
2022-02-01,560001,p7,1.94
2022-02-01,600001,p7,2.34
2022-02-01,500001,p7,1.16
2022-02-01,411001,p7,0.89
2022-02-01,380001,p7,0.66
2022-02-01,302001,p7,0.52
2022-02-01,226001,p7,1.12
2022-02-01,800008,p7,0.46
2022-02-01,641001,p7,0.41
2022-02-01,160017,p7,0.2
2022-02-01,122001,p7,0.32
2022-02-01,492001,p7,0.17
2022-03-01,400001,p7,2.37
2022-03-01,110001,p7,2.11
2022-03-01,700001,p7,2.66
2022-03-01,560001,p7,1.4
2022-03-01,600001,p7,0.83
2022-03-01,500001,p7,1.16
2022-03-01,411001,p7,1.32
2022-03-01,380001,p7,0.87
2022-03-01,302001,p7,0.68
2022-03-01,226001,p7,0.52
2022-03-01,800008,p7,0.34
2022-03-01,641001,p7,0.65
2022-03-01,160017,p7,0.34
2022-03-01,122001,p7,0.21
2022-03-01,492001,p7,0.13
2022-04-01,400001,p7,2.21
2022-04-01,110001,p7,1.51
2022-04-01,700001,p7,1.6
2022-04-01,560001,p7,1.51
2022-04-01,600001,p7,1.47
2022-04-01,500001,p7,0.95
2022-04-01,411001,p7,1.79
2022-04-01,380001,p7,0.97
2022-04-01,302001,p7,0.56
2022-04-01,226001,p7,0.54
2022-04-01,800008,p7,0.35
2022-04-01,641001,p7,0.35
2022-04-01,160017,p7,0.47
2022-04-01,122001,p7,0.17
2022-04-01,492001,p7,0.13
2022-06-01,400001,p7,0.26
2022-06-01,110001,p7,0.44
2022-06-01,700001,p7,0.4
2022-06-01,560001,p7,0.64
2022-06-01,600001,p7,0.4
2022-06-01,500001,p7,0.22
2022-06-01,411001,p7,0.18
2022-06-01,380001,p7,0.16
2022-06-01,302001,p7,0.24
2022-06-01,226001,p7,0.12
2022-06-01,800008,p7,0.07
2022-06-01,641001,p7,0.06
2022-06-01,160017,p7,0.07
2022-06-01,122001,p7,0.02
2022-06-01,492001,p7,0.04
2022-07-01,400001,p7,0.45
2022-07-01,110001,p7,0.42
2022-07-01,700001,p7,0.27
2022-07-01,560001,p7,0.49
2022-07-01,600001,p7,0.44
2022-07-01,500001,p7,0.27
2022-07-01,411001,p7,0.2
2022-07-01,380001,p7,0.32
2022-07-01,302001,p7,0.11
2022-07-01,226001,p7,0.09
2022-07-01,800008,p7,0.08
2022-07-01,641001,p7,0.14
2022-07-01,160017,p7,0.05
2022-07-01,122001,p7,0.07
2022-07-01,492001,p7,0.05
2022-08-01,400001,p7,0.61
2022-08-01,110001,p7,0.75
2022-08-01,700001,p7,0.55
2022-08-01,560001,p7,0.67
2022-08-01,600001,p7,0.36
2022-08-01,500001,p7,0.44
2022-08-01,411001,p7,0.11
2022-08-01,380001,p7,0.22
2022-08-01,302001,p7,0.07
2022-08-01,226001,p7,0.18
2022-08-01,800008,p7,0.13
2022-08-01,641001,p7,0.2
2022-08-01,160017,p7,0.08
2022-08-01,122001,p7,0.07
2022-08-01,492001,p7,0.03
2022-09-01,400001,p7,0.47
2022-09-01,110001,p7,0.41
2022-09-01,700001,p7,0.69
2022-09-01,560001,p7,0.44
2022-09-01,600001,p7,0.34
2022-09-01,500001,p7,0.28
2022-09-01,411001,p7,0.54
2022-09-01,380001,p7,0.35
2022-09-01,302001,p7,0.19
2022-09-01,226001,p7,0.17
2022-09-01,800008,p7,0.1
2022-09-01,641001,p7,0.07
2022-09-01,160017,p7,0.15
2022-09-01,122001,p7,0.07
2022-09-01,492001,p7,0.05
2022-01-01,400001,p8,1.39
2022-01-01,400001,p9,0.7
2022-01-01,400001,p10,0.52
2022-01-01,110001,p8,1.15
2022-01-01,110001,p9,0.72
2022-01-01,110001,p10,0.29
2022-01-01,700001,p8,0.97
2022-01-01,700001,p9,0.69
2022-01-01,700001,p10,0.14
2022-01-01,560001,p8,1
2022-01-01,560001,p9,0.63
2022-01-01,560001,p10,0.25
2022-01-01,600001,p8,0.78
2022-01-01,600001,p9,0.39
2022-01-01,600001,p10,0.1
2022-01-01,500001,p8,0.83
2022-01-01,500001,p9,0.42
2022-01-01,500001,p10,0.17
2022-01-01,411001,p8,0.51
2022-01-01,411001,p9,0.29
2022-01-01,411001,p10,0.07
2022-01-01,380001,p8,0.62
2022-01-01,380001,p9,0.34
2022-01-01,380001,p10,0.21
2022-01-01,302001,p8,0.68
2022-01-01,302001,p9,0.34
2022-01-01,302001,p10,0.14
2022-01-01,226001,p8,0.38
2022-01-01,226001,p9,0.25
2022-01-01,226001,p10,0.13
2022-01-01,800008,p8,0.53
2022-01-01,800008,p9,0.21
2022-01-01,800008,p10,0.11
2022-01-01,641001,p8,0.15
2022-01-01,641001,p9,0.09
2022-01-01,641001,p10,0.04
2022-01-01,160017,p8,0.14
2022-01-01,160017,p9,0.06
2022-01-01,160017,p10,0.06
2022-01-01,122001,p8,0.14
2022-01-01,122001,p9,0.06
2022-01-01,122001,p10,0.06
2022-01-01,492001,p8,0.09
2022-01-01,492001,p9,0.05
2022-01-01,492001,p10,0.04
2022-02-01,400001,p8,1.61
2022-02-01,400001,p9,1.01
2022-02-01,400001,p10,0.4
2022-02-01,110001,p8,1.32
2022-02-01,110001,p9,0.49
2022-02-01,110001,p10,0.33
2022-02-01,700001,p8,1.23
2022-02-01,700001,p9,0.61
2022-02-01,700001,p10,0.46
2022-02-01,560001,p8,1.76
2022-02-01,560001,p9,0.71
2022-02-01,560001,p10,0.53
2022-02-01,600001,p8,1.7
2022-02-01,600001,p9,0.85
2022-02-01,600001,p10,0.64
2022-02-01,500001,p8,0.81
2022-02-01,500001,p9,0.35
2022-02-01,500001,p10,0.35
2022-02-01,411001,p8,0.89
2022-02-01,411001,p9,0.39
2022-02-01,411001,p10,0.39
2022-02-01,380001,p8,0.6
2022-02-01,380001,p9,0.3
2022-02-01,380001,p10,0.06
2022-02-01,302001,p8,0.3
2022-02-01,302001,p9,0.22
2022-02-01,302001,p10,0.04
2022-02-01,226001,p8,0.65
2022-02-01,226001,p9,0.37
2022-02-01,226001,p10,0.09
2022-02-01,800008,p8,0.34
2022-02-01,800008,p9,0.15
2022-02-01,800008,p10,0.04
2022-02-01,641001,p8,0.33
2022-02-01,641001,p9,0.18
2022-02-01,641001,p10,0.15
2022-02-01,160017,p8,0.18
2022-02-01,160017,p9,0.09
2022-02-01,160017,p10,0.04
2022-02-01,122001,p8,0.18
2022-02-01,122001,p9,0.16
2022-02-01,122001,p10,0.08
2022-02-01,492001,p8,0.11
2022-02-01,492001,p9,0.06
2022-02-01,492001,p10,0.06
2022-03-01,400001,p8,1.28
2022-03-01,400001,p9,0.55
2022-03-01,400001,p10,0.37
2022-03-01,110001,p8,1.46
2022-03-01,110001,p9,0.81
2022-03-01,110001,p10,0.32
2022-03-01,700001,p8,1.77
2022-03-01,700001,p9,0.89
2022-03-01,700001,p10,0.67
2022-03-01,560001,p8,1.24
2022-03-01,560001,p9,0.62
2022-03-01,560001,p10,0.31
2022-03-01,600001,p8,0.74
2022-03-01,600001,p9,0.37
2022-03-01,600001,p10,0.37
2022-03-01,500001,p8,0.87
2022-03-01,500001,p9,0.48
2022-03-01,500001,p10,0.29
2022-03-01,411001,p8,0.88
2022-03-01,411001,p9,0.44
2022-03-01,411001,p10,0.11
2022-03-01,380001,p8,0.77
2022-03-01,380001,p9,0.39
2022-03-01,380001,p10,0.39
2022-03-01,302001,p8,0.37
2022-03-01,302001,p9,0.26
2022-03-01,302001,p10,0.05
2022-03-01,226001,p8,0.43
2022-03-01,226001,p9,0.24
2022-03-01,226001,p10,0.09
2022-03-01,800008,p8,0.28
2022-03-01,800008,p9,0.19
2022-03-01,800008,p10,0.09
2022-03-01,641001,p8,0.48
2022-03-01,641001,p9,0.24
2022-03-01,641001,p10,0.12
2022-03-01,160017,p8,0.26
2022-03-01,160017,p9,0.09
2022-03-01,160017,p10,0.09
2022-03-01,122001,p8,0.12
2022-03-01,122001,p9,0.07
2022-03-01,122001,p10,0.05
2022-03-01,492001,p8,0.11
2022-03-01,492001,p9,0.06
2022-03-01,492001,p10,0.04
2022-04-01,400001,p8,1.53
2022-04-01,400001,p9,0.85
2022-04-01,400001,p10,0.51
2022-04-01,110001,p8,1.23
2022-04-01,110001,p9,0.55
2022-04-01,110001,p10,0.41
2022-04-01,700001,p8,1.31
2022-04-01,700001,p9,0.58
2022-04-01,700001,p10,0.44
2022-04-01,560001,p8,1.51
2022-04-01,560001,p9,0.45
2022-04-01,560001,p10,0.6
2022-04-01,600001,p8,0.86
2022-04-01,600001,p9,0.49
2022-04-01,600001,p10,0.49
2022-04-01,500001,p8,0.71
2022-04-01,500001,p9,0.4
2022-04-01,500001,p10,0.24
2022-04-01,411001,p8,1.3
2022-04-01,411001,p9,0.81
2022-04-01,411001,p10,0.16
2022-04-01,380001,p8,0.62
2022-04-01,380001,p9,0.53
2022-04-01,380001,p10,0.18
2022-04-01,302001,p8,0.42
2022-04-01,302001,p9,0.19
2022-04-01,302001,p10,0.14
2022-04-01,226001,p8,0.36
2022-04-01,226001,p9,0.27
2022-04-01,226001,p10,0.09
2022-04-01,800008,p8,0.39
2022-04-01,800008,p9,0.19
2022-04-01,800008,p10,0.16
2022-04-01,641001,p8,0.22
2022-04-01,641001,p9,0.13
2022-04-01,641001,p10,0.13
2022-04-01,160017,p8,0.29
2022-04-01,160017,p9,0.18
2022-04-01,160017,p10,0.11
2022-04-01,122001,p8,0.14
2022-04-01,122001,p9,0.1
2022-04-01,122001,p10,0.05
2022-04-01,492001,p8,0.11
2022-04-01,492001,p9,0.08
2022-04-01,492001,p10,0.05
2022-06-01,400001,p11,7.24
2022-06-01,400001,p12,4.4
2022-06-01,400001,p13,1.29
2022-06-01,110001,p11,4.42
2022-06-01,110001,p12,2.94
2022-06-01,110001,p13,1.18
2022-06-01,700001,p11,4.03
2022-06-01,700001,p12,2.55
2022-06-01,700001,p13,0.67
2022-06-01,560001,p11,4.34
2022-06-01,560001,p12,2.73
2022-06-01,560001,p13,0.48
2022-06-01,600001,p11,4.36
2022-06-01,600001,p12,2.25
2022-06-01,600001,p13,0.93
2022-06-01,500001,p11,3.19
2022-06-01,500001,p12,2.09
2022-06-01,500001,p13,0.55
2022-06-01,411001,p11,2.79
2022-06-01,411001,p12,1.71
2022-06-01,411001,p13,0.36
2022-06-01,380001,p11,2.67
2022-06-01,380001,p12,1.45
2022-06-01,380001,p13,0.57
2022-06-01,302001,p11,2.53
2022-06-01,302001,p12,1.55
2022-06-01,302001,p13,0.33
2022-06-01,226001,p11,1.24
2022-06-01,226001,p12,0.79
2022-06-01,226001,p13,0.12
2022-06-01,800008,p11,1.76
2022-06-01,800008,p12,1.18
2022-06-01,800008,p13,0.26
2022-06-01,641001,p11,0.89
2022-06-01,641001,p12,0.58
2022-06-01,641001,p13,0.14
2022-06-01,160017,p11,0.79
2022-06-01,160017,p12,0.5
2022-06-01,160017,p13,0.1
2022-06-01,122001,p11,0.61
2022-06-01,122001,p12,0.4
2022-06-01,122001,p13,0.12
2022-06-01,492001,p11,0.57
2022-06-01,492001,p12,0.39
2022-06-01,492001,p13,0.11
2022-07-01,400001,p11,6.03
2022-07-01,400001,p12,4.47
2022-07-01,400001,p13,0.89
2022-07-01,110001,p11,6.87
2022-07-01,110001,p12,3.95
2022-07-01,110001,p13,1.46
2022-07-01,700001,p11,3.82
2022-07-01,700001,p12,2.73
2022-07-01,700001,p13,0.68
2022-07-01,560001,p11,5.37
2022-07-01,560001,p12,2.77
2022-07-01,560001,p13,1.14
2022-07-01,600001,p11,6.86
2022-07-01,600001,p12,3.76
2022-07-01,600001,p13,0.66
2022-07-01,500001,p11,4.34
2022-07-01,500001,p12,2.71
2022-07-01,500001,p13,0.41
2022-07-01,411001,p11,3.36
2022-07-01,411001,p12,2.04
2022-07-01,411001,p13,0.51
2022-07-01,380001,p11,2.62
2022-07-01,380001,p12,1.43
2022-07-01,380001,p13,0.4
2022-07-01,302001,p11,1.66
2022-07-01,302001,p12,1.05
2022-07-01,302001,p13,0.39
2022-07-01,226001,p11,2.82
2022-07-01,226001,p12,1.82
2022-07-01,226001,p13,0.55
2022-07-01,800008,p11,1.12
2022-07-01,800008,p12,0.8
2022-07-01,800008,p13,0.32
2022-07-01,641001,p11,1.4
2022-07-01,641001,p12,0.93
2022-07-01,641001,p13,0.28
2022-07-01,160017,p11,0.7
2022-07-01,160017,p12,0.49
2022-07-01,160017,p13,0.17
2022-07-01,122001,p11,1.1
2022-07-01,122001,p12,0.7
2022-07-01,122001,p13,0.29
2022-07-01,492001,p11,0.5
2022-07-01,492001,p12,0.33
2022-07-01,492001,p13,0.07
2022-08-01,400001,p11,5.46
2022-08-01,400001,p12,3.84
2022-08-01,400001,p13,1.01
2022-08-01,110001,p11,5.24
2022-08-01,110001,p12,3.55
2022-08-01,110001,p13,0.75
2022-08-01,700001,p11,9.01
2022-08-01,700001,p12,5.73
2022-08-01,700001,p13,1.36
2022-08-01,560001,p11,5.33
2022-08-01,560001,p12,3.16
2022-08-01,560001,p13,1
2022-08-01,600001,p11,3.98
2022-08-01,600001,p12,2.17
2022-08-01,600001,p13,0.6
2022-08-01,500001,p11,3.2
2022-08-01,500001,p12,1.99
2022-08-01,500001,p13,0.44
2022-08-01,411001,p11,3.39
2022-08-01,411001,p12,2.15
2022-08-01,411001,p13,0.68
2022-08-01,380001,p11,3.21
2022-08-01,380001,p12,2.32
2022-08-01,380001,p13,0.77
2022-08-01,302001,p11,1.86
2022-08-01,302001,p12,1.13
2022-08-01,302001,p13,0.33
2022-08-01,226001,p11,1.64
2022-08-01,226001,p12,1.21
2022-08-01,226001,p13,0.24
2022-08-01,800008,p11,1.2
2022-08-01,800008,p12,0.81
2022-08-01,800008,p13,0.26
2022-08-01,641001,p11,2.17
2022-08-01,641001,p12,1.36
2022-08-01,641001,p13,0.41
2022-08-01,160017,p11,0.93
2022-08-01,160017,p12,0.55
2022-08-01,160017,p13,0.11
2022-08-01,122001,p11,0.73
2022-08-01,122001,p12,0.41
2022-08-01,122001,p13,0.11
2022-08-01,492001,p11,0.44
2022-08-01,492001,p12,0.26
2022-08-01,492001,p13,0.1
2022-09-01,400001,p11,7.36
2022-09-01,400001,p12,4.51
2022-09-01,400001,p13,1.19
2022-09-01,110001,p11,6.69
2022-09-01,110001,p12,3.85
2022-09-01,110001,p13,0.61
2022-09-01,700001,p11,5.71
2022-09-01,700001,p12,3.46
2022-09-01,700001,p13,1.04
2022-09-01,560001,p11,4.29
2022-09-01,560001,p12,3.11
2022-09-01,560001,p13,0.59
2022-09-01,600001,p11,3.62
2022-09-01,600001,p12,2.26
2022-09-01,600001,p13,0.34
2022-09-01,500001,p11,2.9
2022-09-01,500001,p12,1.97
2022-09-01,500001,p13,0.75
2022-09-01,411001,p11,6.16
2022-09-01,411001,p12,3.62
2022-09-01,411001,p13,1.27
2022-09-01,380001,p11,2.78
2022-09-01,380001,p12,1.56
2022-09-01,380001,p13,0.69
2022-09-01,302001,p11,2.06
2022-09-01,302001,p12,1.35
2022-09-01,302001,p13,0.19
2022-09-01,226001,p11,1.66
2022-09-01,226001,p12,1.09
2022-09-01,226001,p13,0.46
2022-09-01,800008,p11,1.41
2022-09-01,800008,p12,1.02
2022-09-01,800008,p13,0.19
2022-09-01,641001,p11,1.1
2022-09-01,641001,p12,0.71
2022-09-01,641001,p13,0.21
2022-09-01,160017,p11,1.16
2022-09-01,160017,p12,0.77
2022-09-01,160017,p13,0.15
2022-09-01,122001,p11,0.78
2022-09-01,122001,p12,0.43
2022-09-01,122001,p13,0.09
2022-09-01,492001,p11,0.48
2022-09-01,492001,p12,0.29
2022-09-01,492001,p13,0.08